,Ticker,Expires,Data_Date,UnderlyingPrice
3776,AAWW,"Feb 19, 2016","Feb 18, 2016",37.09
3814,AAWW,"Mar 18, 2016","Feb 18, 2016",37.09
3836,AAWW,"May 20, 2016","Feb 18, 2016",37.09
3864,AAWW,"Aug 19, 2016","Feb 18, 2016",37.09
7240,ACAD,"Feb 19, 2016","Feb 18, 2016",19.22
7318,ACAD,"Mar 18, 2016","Feb 18, 2016",19.22
7412,ACAD,"Apr 15, 2016","Feb 18, 2016",19.22
7474,ACAD,"Jun 17, 2016","Feb 18, 2016",19.22
7572,ACAD,"Sep 16, 2016","Feb 18, 2016",19.22
7638,ACAD,"Jan 20, 2017","Feb 18, 2016",19.22
7692,ACAD,"Jan 19, 2018","Feb 18, 2016",19.22
14856,AEGN,"Feb 19, 2016","Feb 18, 2016",18.05
14880,AEGN,"Mar 18, 2016","Feb 18, 2016",18.05
14904,AEGN,"Jun 17, 2016","Feb 18, 2016",18.05
14928,AEGN,"Sep 16, 2016","Feb 18, 2016",18.05
19582,AGIO,"Feb 19, 2016","Feb 18, 2016",37.15
19648,AGIO,"Mar 18, 2016","Feb 18, 2016",37.15
19670,AGIO,"May 20, 2016","Feb 18, 2016",37.15
19722,AGIO,"Aug 19, 2016","Feb 18, 2016",37.15
27122,AKBA,"Feb 19, 2016","Feb 18, 2016",7.83
27140,AKBA,"Mar 18, 2016","Feb 18, 2016",7.83
27152,AKBA,"Apr 15, 2016","Feb 18, 2016",7.83
27164,AKBA,"Jul 15, 2016","Feb 18, 2016",7.83
27268,AKRX,"Feb 19, 2016","Feb 18, 2016",24.82
27286,AKRX,"Mar 18, 2016","Feb 18, 2016",24.82
27314,AKRX,"Jun 17, 2016","Feb 18, 2016",24.82
27338,AKRX,"Sep 16, 2016","Feb 18, 2016",24.82
27356,AKRX,"Jan 20, 2017","Feb 18, 2016",24.82
27380,AKRX,"Jan 19, 2018","Feb 18, 2016",24.82
27404,AKS,"Feb 19, 2016","Feb 18, 2016",2.57
27426,AKS,"Feb 26, 2016","Feb 18, 2016",2.57
27446,AKS,"Mar 04, 2016","Feb 18, 2016",2.57
27466,AKS,"Mar 11, 2016","Feb 18, 2016",2.57
27486,AKS,"Mar 18, 2016","Feb 18, 2016",2.57
27512,AKS,"Mar 24, 2016","Feb 18, 2016",2.57
27532,AKS,"Apr 01, 2016","Feb 18, 2016",2.57
27552,AKS,"Jun 17, 2016","Feb 18, 2016",2.57
27578,AKS,"Sep 16, 2016","Feb 18, 2016",2.57
27602,AKS,"Jan 20, 2017","Feb 18, 2016",2.57
27630,AKS,"Jan 19, 2018","Feb 18, 2016",2.57
27798,ALDR,"Feb 19, 2016","Feb 18, 2016",21.23
27824,ALDR,"Mar 18, 2016","Feb 18, 2016",21.23
27854,ALDR,"Apr 15, 2016","Feb 18, 2016",21.23
27878,ALDR,"Jul 15, 2016","Feb 18, 2016",21.23
28312,ALGN,"Feb 19, 2016","Feb 18, 2016",62.88
28338,ALGN,"Mar 18, 2016","Feb 18, 2016",62.88
28364,ALGN,"Apr 15, 2016","Feb 18, 2016",62.88
28388,ALGN,"Jul 15, 2016","Feb 18, 2016",62.88
30030,ALNY,"Feb 19, 2016","Feb 18, 2016",62.49
30068,ALNY,"Mar 18, 2016","Feb 18, 2016",62.49
30134,ALNY,"Jun 17, 2016","Feb 18, 2016",62.49
30188,ALNY,"Sep 16, 2016","Feb 18, 2016",62.49
30224,ALNY,"Dec 16, 2016","Feb 18, 2016",62.49
30690,ALRM,"Feb 19, 2016","Feb 18, 2016",16.18
30700,ALRM,"Mar 18, 2016","Feb 18, 2016",16.18
30710,ALRM,"Jun 17, 2016","Feb 18, 2016",16.18
30722,ALRM,"Sep 16, 2016","Feb 18, 2016",16.18
31150,ALXN,"Feb 19, 2016","Feb 18, 2016",143.15
31352,ALXN,"Feb 26, 2016","Feb 18, 2016",143.15
31478,ALXN,"Mar 04, 2016","Feb 18, 2016",143.15
31572,ALXN,"Mar 11, 2016","Feb 18, 2016",143.15
31662,ALXN,"Mar 18, 2016","Feb 18, 2016",143.15
31722,ALXN,"Mar 24, 2016","Feb 18, 2016",143.15
31822,ALXN,"Apr 01, 2016","Feb 18, 2016",143.15
31916,ALXN,"May 20, 2016","Feb 18, 2016",143.15
31984,ALXN,"Jun 17, 2016","Feb 18, 2016",143.15
32042,ALXN,"Aug 19, 2016","Feb 18, 2016",143.15
32112,ALXN,"Jan 20, 2017","Feb 18, 2016",143.15
32186,ALXN,"Jan 19, 2018","Feb 18, 2016",143.15
33244,AMBA,"Feb 19, 2016","Feb 18, 2016",42.44
33432,AMBA,"Feb 26, 2016","Feb 18, 2016",42.44
33582,AMBA,"Mar 04, 2016","Feb 18, 2016",42.44
33682,AMBA,"Mar 11, 2016","Feb 18, 2016",42.44
33780,AMBA,"Mar 18, 2016","Feb 18, 2016",42.44
33810,AMBA,"Mar 24, 2016","Feb 18, 2016",42.44
33910,AMBA,"Apr 01, 2016","Feb 18, 2016",42.44
34014,AMBA,"May 20, 2016","Feb 18, 2016",42.44
34078,AMBA,"Aug 19, 2016","Feb 18, 2016",42.44
34128,AMBA,"Jan 20, 2017","Feb 18, 2016",42.44
34228,AMBA,"Jan 19, 2018","Feb 18, 2016",42.44
34778,AMD,"Feb 19, 2016","Feb 18, 2016",1.91
34800,AMD,"Feb 26, 2016","Feb 18, 2016",1.91
34820,AMD,"Mar 04, 2016","Feb 18, 2016",1.91
34836,AMD,"Mar 11, 2016","Feb 18, 2016",1.91
34852,AMD,"Mar 18, 2016","Feb 18, 2016",1.91
34878,AMD,"Mar 24, 2016","Feb 18, 2016",1.91
34894,AMD,"Apr 01, 2016","Feb 18, 2016",1.91
34908,AMD,"Apr 15, 2016","Feb 18, 2016",1.91
34930,AMD,"Jul 15, 2016","Feb 18, 2016",1.91
34948,AMD,"Jan 20, 2017","Feb 18, 2016",1.91
34972,AMD,"Jan 19, 2018","Feb 18, 2016",1.91
37106,AMKR,"Feb 19, 2016","Feb 18, 2016",4.61
37130,AMKR,"Mar 18, 2016","Feb 18, 2016",4.61
37156,AMKR,"Jun 17, 2016","Feb 18, 2016",4.61
37182,AMKR,"Sep 16, 2016","Feb 18, 2016",4.61
37206,AMKR,"Jan 20, 2017","Feb 18, 2016",4.61
37770,AMPH,"Feb 19, 2016","Feb 18, 2016",11.18
37784,AMPH,"Mar 18, 2016","Feb 18, 2016",11.18
37798,AMPH,"Jun 17, 2016","Feb 18, 2016",11.18
37812,AMPH,"Sep 16, 2016","Feb 18, 2016",11.18
39880,AMWD,"Feb 19, 2016","Feb 18, 2016",62.19
39912,AMWD,"Mar 18, 2016","Feb 18, 2016",62.19
39938,AMWD,"Apr 15, 2016","Feb 18, 2016",62.19
39966,AMWD,"Jul 15, 2016","Feb 18, 2016",62.19
44388,ANGI,"Feb 19, 2016","Feb 18, 2016",9.66
44400,ANGI,"Mar 18, 2016","Feb 18, 2016",9.66
44414,ANGI,"May 20, 2016","Feb 18, 2016",9.66
44426,ANGI,"Aug 19, 2016","Feb 18, 2016",9.66
52234,ARNA,"Feb 19, 2016","Feb 18, 2016",1.52
52252,ARNA,"Feb 26, 2016","Feb 18, 2016",1.52
52266,ARNA,"Mar 04, 2016","Feb 18, 2016",1.52
52278,ARNA,"Mar 11, 2016","Feb 18, 2016",1.52
52290,ARNA,"Mar 18, 2016","Feb 18, 2016",1.52
52304,ARNA,"Mar 24, 2016","Feb 18, 2016",1.52
52316,ARNA,"Apr 01, 2016","Feb 18, 2016",1.52
52328,ARNA,"Apr 15, 2016","Feb 18, 2016",1.52
52354,ARNA,"Jul 15, 2016","Feb 18, 2016",1.52
52362,ARNA,"Jan 20, 2017","Feb 18, 2016",1.52
52388,ARNA,"Jan 19, 2018","Feb 18, 2016",1.52
52712,ARQL,"Feb 19, 2016","Feb 18, 2016",1.85
52718,ARQL,"Mar 18, 2016","Feb 18, 2016",1.85
52724,ARQL,"Apr 15, 2016","Feb 18, 2016",1.85
52730,ARQL,"Jul 15, 2016","Feb 18, 2016",1.85
53316,ARWR,"Feb 19, 2016","Feb 18, 2016",3.78
53340,ARWR,"Mar 18, 2016","Feb 18, 2016",3.78
53372,ARWR,"Jun 17, 2016","Feb 18, 2016",3.78
53396,ARWR,"Sep 16, 2016","Feb 18, 2016",3.78
53414,ARWR,"Jan 20, 2017","Feb 18, 2016",3.78
53426,ARWR,"Jan 19, 2018","Feb 18, 2016",3.78
57426,ATI,"Feb 19, 2016","Feb 18, 2016",11.57
57442,ATI,"Mar 18, 2016","Feb 18, 2016",11.57
57454,ATI,"Apr 15, 2016","Feb 18, 2016",11.57
57482,ATI,"Jul 15, 2016","Feb 18, 2016",11.57
58056,ATRA,"Feb 19, 2016","Feb 18, 2016",16.0
58072,ATRA,"Mar 18, 2016","Feb 18, 2016",16.0
58112,ATRA,"Jun 17, 2016","Feb 18, 2016",16.0
58132,ATRA,"Sep 16, 2016","Feb 18, 2016",16.0
60532,AVAV,"Feb 19, 2016","Feb 18, 2016",25.37
60548,AVAV,"Mar 18, 2016","Feb 18, 2016",25.37
60564,AVAV,"Jun 17, 2016","Feb 18, 2016",25.37
60582,AVAV,"Sep 16, 2016","Feb 18, 2016",25.37
62226,AVP,"Feb 19, 2016","Feb 18, 2016",3.86
62254,AVP,"Feb 26, 2016","Feb 18, 2016",3.86
62282,AVP,"Mar 04, 2016","Feb 18, 2016",3.86
62310,AVP,"Mar 11, 2016","Feb 18, 2016",3.86
62338,AVP,"Mar 18, 2016","Feb 18, 2016",3.86
62364,AVP,"Mar 24, 2016","Feb 18, 2016",3.86
62392,AVP,"Apr 01, 2016","Feb 18, 2016",3.86
62420,AVP,"Apr 15, 2016","Feb 18, 2016",3.86
62452,AVP,"Jul 15, 2016","Feb 18, 2016",3.86
62482,AVP,"Jan 20, 2017","Feb 18, 2016",3.86
62520,AVP,"Jan 19, 2018","Feb 18, 2016",3.86
63314,AXDX,"Feb 19, 2016","Feb 18, 2016",12.05
63334,AXDX,"Mar 18, 2016","Feb 18, 2016",12.05
63358,AXDX,"May 20, 2016","Feb 18, 2016",12.05
63382,AXDX,"Aug 19, 2016","Feb 18, 2016",12.05
63528,AXL,"Feb 19, 2016","Feb 18, 2016",14.73
63576,AXL,"Mar 18, 2016","Feb 18, 2016",14.73
63614,AXL,"Apr 15, 2016","Feb 18, 2016",14.73
63666,AXL,"Jul 15, 2016","Feb 18, 2016",14.73
63724,AXL,"Jan 20, 2017","Feb 18, 2016",14.73
63748,AXL,"Jan 19, 2018","Feb 18, 2016",14.73
77186,BEAT,"Feb 19, 2016","Feb 18, 2016",11.65
77242,BEAT,"Mar 18, 2016","Feb 18, 2016",11.65
77276,BEAT,"May 20, 2016","Feb 18, 2016",11.65
77324,BEAT,"Aug 19, 2016","Feb 18, 2016",11.65
86168,BKD,"Feb 19, 2016","Feb 18, 2016",13.81
86208,BKD,"Mar 18, 2016","Feb 18, 2016",13.81
86248,BKD,"Apr 15, 2016","Feb 18, 2016",13.81
86300,BKD,"Jul 15, 2016","Feb 18, 2016",13.81
86348,BKD,"Jan 20, 2017","Feb 18, 2016",13.81
86378,BKD,"Jan 19, 2018","Feb 18, 2016",13.81
88072,BLDR,"Feb 19, 2016","Feb 18, 2016",6.905
88110,BLDR,"Mar 18, 2016","Feb 18, 2016",6.905
88144,BLDR,"May 20, 2016","Feb 18, 2016",6.905
88188,BLDR,"Aug 19, 2016","Feb 18, 2016",6.905
89164,BLUE,"Feb 19, 2016","Feb 18, 2016",52.1
89246,BLUE,"Mar 18, 2016","Feb 18, 2016",52.1
89268,BLUE,"May 20, 2016","Feb 18, 2016",52.1
89344,BLUE,"Aug 19, 2016","Feb 18, 2016",52.1
89378,BLUE,"Jan 20, 2017","Feb 18, 2016",52.1
89472,BLUE,"Jan 19, 2018","Feb 18, 2016",52.1
91522,BNFT,"Feb 19, 2016","Feb 18, 2016",25.05
91550,BNFT,"Mar 18, 2016","Feb 18, 2016",25.05
91568,BNFT,"May 20, 2016","Feb 18, 2016",25.05
91590,BNFT,"Aug 19, 2016","Feb 18, 2016",25.05
93036,BOOT,"Feb 19, 2016","Feb 18, 2016",9.34
93060,BOOT,"Mar 18, 2016","Feb 18, 2016",9.34
93070,BOOT,"May 20, 2016","Feb 18, 2016",9.34
93090,BOOT,"Aug 19, 2016","Feb 18, 2016",9.34
93148,BOX,"Feb 19, 2016","Feb 18, 2016",10.46
93190,BOX,"Mar 18, 2016","Feb 18, 2016",10.46
93256,BOX,"Jun 17, 2016","Feb 18, 2016",10.46
93306,BOX,"Sep 16, 2016","Feb 18, 2016",10.46
93350,BOX,"Jan 20, 2017","Feb 18, 2016",10.46
93364,BOX,"Jan 19, 2018","Feb 18, 2016",10.46
94394,BPMC,"Feb 19, 2016","Feb 18, 2016",17.0
94412,BPMC,"Mar 18, 2016","Feb 18, 2016",17.0
94436,BPMC,"Apr 15, 2016","Feb 18, 2016",17.0
94462,BPMC,"Jul 15, 2016","Feb 18, 2016",17.0
108460,CAR,"Feb 19, 2016","Feb 18, 2016",29.25
108524,CAR,"Mar 18, 2016","Feb 18, 2016",29.25
108570,CAR,"May 20, 2016","Feb 18, 2016",29.25
108634,CAR,"Aug 19, 2016","Feb 18, 2016",29.25
108694,CAR,"Jan 20, 2017","Feb 18, 2016",29.25
108754,CAR,"Jan 19, 2018","Feb 18, 2016",29.25
108798,CARA,"Feb 19, 2016","Feb 18, 2016",7.3
108820,CARA,"Mar 18, 2016","Feb 18, 2016",7.3
108838,CARA,"May 20, 2016","Feb 18, 2016",7.3
108860,CARA,"Aug 19, 2016","Feb 18, 2016",7.3
110134,CATM,"Feb 19, 2016","Feb 18, 2016",31.58
110150,CATM,"Mar 18, 2016","Feb 18, 2016",31.58
110168,CATM,"Jun 17, 2016","Feb 18, 2016",31.58
110186,CATM,"Sep 16, 2016","Feb 18, 2016",31.58
116402,CCXI,"Feb 19, 2016","Feb 18, 2016",3.54
116416,CCXI,"Mar 18, 2016","Feb 18, 2016",3.54
116422,CCXI,"May 20, 2016","Feb 18, 2016",3.54
116430,CCXI,"Aug 19, 2016","Feb 18, 2016",3.54
119626,CENX,"Feb 19, 2016","Feb 18, 2016",5.18
119648,CENX,"Mar 18, 2016","Feb 18, 2016",5.18
119684,CENX,"Jun 17, 2016","Feb 18, 2016",5.18
119706,CENX,"Sep 16, 2016","Feb 18, 2016",5.18
119728,CENX,"Jan 20, 2017","Feb 18, 2016",5.18
119762,CENX,"Jan 19, 2018","Feb 18, 2016",5.18
120214,CERS,"Feb 19, 2016","Feb 18, 2016",5.33
120240,CERS,"Mar 18, 2016","Feb 18, 2016",5.33
120264,CERS,"May 20, 2016","Feb 18, 2016",5.33
120290,CERS,"Aug 19, 2016","Feb 18, 2016",5.33
120382,CEVA,"Feb 19, 2016","Feb 18, 2016",18.76
120402,CEVA,"Mar 18, 2016","Feb 18, 2016",18.76
120426,CEVA,"Jun 17, 2016","Feb 18, 2016",18.76
120440,CEVA,"Sep 16, 2016","Feb 18, 2016",18.76
123778,CHK,"Feb 19, 2016","Feb 18, 2016",1.98
123814,CHK,"Feb 26, 2016","Feb 18, 2016",1.98
123852,CHK,"Mar 04, 2016","Feb 18, 2016",1.98
123878,CHK,"Mar 11, 2016","Feb 18, 2016",1.98
123904,CHK,"Mar 18, 2016","Feb 18, 2016",1.98
123936,CHK,"Mar 24, 2016","Feb 18, 2016",1.98
123960,CHK,"Apr 01, 2016","Feb 18, 2016",1.98
123974,CHK,"Apr 15, 2016","Feb 18, 2016",1.98
124020,CHK,"Jul 15, 2016","Feb 18, 2016",1.98
124054,CHK,"Jan 20, 2017","Feb 18, 2016",1.98
124102,CHK,"Jan 19, 2018","Feb 18, 2016",1.98
124838,CHRS,"Feb 19, 2016","Feb 18, 2016",14.66
124862,CHRS,"Mar 18, 2016","Feb 18, 2016",14.66
124884,CHRS,"May 20, 2016","Feb 18, 2016",14.66
124908,CHRS,"Aug 19, 2016","Feb 18, 2016",14.66
131444,CLNE,"Feb 19, 2016","Feb 18, 2016",2.57
131458,CLNE,"Mar 18, 2016","Feb 18, 2016",2.57
131484,CLNE,"Jun 17, 2016","Feb 18, 2016",2.57
131508,CLNE,"Sep 16, 2016","Feb 18, 2016",2.57
131522,CLNE,"Jan 20, 2017","Feb 18, 2016",2.57
131536,CLNE,"Jan 19, 2018","Feb 18, 2016",2.57
132228,CLVS,"Feb 19, 2016","Feb 18, 2016",17.81
132250,CLVS,"Mar 18, 2016","Feb 18, 2016",17.81
132266,CLVS,"Apr 15, 2016","Feb 18, 2016",17.81
132338,CLVS,"Jul 15, 2016","Feb 18, 2016",17.81
132366,CLVS,"Jan 20, 2017","Feb 18, 2016",17.81
144044,COMM,"Feb 19, 2016","Feb 18, 2016",22.53
144110,COMM,"Mar 18, 2016","Feb 18, 2016",22.53
144146,COMM,"May 20, 2016","Feb 18, 2016",22.53
144216,COMM,"Aug 19, 2016","Feb 18, 2016",22.53
144338,CONN,"Feb 19, 2016","Feb 18, 2016",18.69
144392,CONN,"Mar 18, 2016","Feb 18, 2016",18.69
144438,CONN,"Apr 15, 2016","Feb 18, 2016",18.69
144524,CONN,"Jul 15, 2016","Feb 18, 2016",18.69
144596,CONN,"Jan 20, 2017","Feb 18, 2016",18.69
144638,CONN,"Jan 19, 2018","Feb 18, 2016",18.69
146356,CORT,"Feb 19, 2016","Feb 18, 2016",3.79
146384,CORT,"Mar 18, 2016","Feb 18, 2016",3.79
146400,CORT,"May 20, 2016","Feb 18, 2016",3.79
146422,CORT,"Aug 19, 2016","Feb 18, 2016",3.79
148286,CPE,"Feb 19, 2016","Feb 18, 2016",6.08
148298,CPE,"Mar 18, 2016","Feb 18, 2016",6.08
148306,CPE,"Apr 15, 2016","Feb 18, 2016",6.08
148318,CPE,"Jul 15, 2016","Feb 18, 2016",6.08
149286,CPS,"Feb 19, 2016","Feb 18, 2016",68.5
149298,CPS,"Mar 18, 2016","Feb 18, 2016",68.5
149328,CPS,"Apr 15, 2016","Feb 18, 2016",68.5
149340,CPS,"Jul 15, 2016","Feb 18, 2016",68.5
150134,CRC,"Feb 19, 2016","Feb 18, 2016",0.3801
150174,CRC,"Mar 18, 2016","Feb 18, 2016",0.3801
150188,CRC,"May 20, 2016","Feb 18, 2016",0.3801
150216,CRC,"Aug 19, 2016","Feb 18, 2016",0.3801
150230,CRC,"Jan 20, 2017","Feb 18, 2016",0.3801
150260,CRC,"Jan 19, 2018","Feb 18, 2016",0.3801
151602,CRK,"Feb 19, 2016","Feb 18, 2016",1.05
151612,CRK,"Mar 18, 2016","Feb 18, 2016",1.05
151636,CRK,"Jun 17, 2016","Feb 18, 2016",1.05
151658,CRK,"Sep 16, 2016","Feb 18, 2016",1.05
155016,CRZO,"Feb 19, 2016","Feb 18, 2016",22.28
155046,CRZO,"Mar 18, 2016","Feb 18, 2016",22.28
155072,CRZO,"Apr 15, 2016","Feb 18, 2016",22.28
155110,CRZO,"Jul 15, 2016","Feb 18, 2016",22.28
155150,CRZO,"Jan 20, 2017","Feb 18, 2016",22.28
155190,CRZO,"Jan 19, 2018","Feb 18, 2016",22.28
158326,CSOD,"Feb 19, 2016","Feb 18, 2016",24.96
158346,CSOD,"Mar 18, 2016","Feb 18, 2016",24.96
158364,CSOD,"May 20, 2016","Feb 18, 2016",24.96
158386,CSOD,"Aug 19, 2016","Feb 18, 2016",24.96
170850,CYTK,"Feb 19, 2016","Feb 18, 2016",6.51
170890,CYTK,"Mar 18, 2016","Feb 18, 2016",6.51
170922,CYTK,"May 20, 2016","Feb 18, 2016",6.51
170968,CYTK,"Aug 19, 2016","Feb 18, 2016",6.51
173282,DATA,"Feb 19, 2016","Feb 18, 2016",41.09
173534,DATA,"Feb 26, 2016","Feb 18, 2016",41.09
173784,DATA,"Mar 04, 2016","Feb 18, 2016",41.09
173972,DATA,"Mar 11, 2016","Feb 18, 2016",41.09
174164,DATA,"Mar 18, 2016","Feb 18, 2016",41.09
174222,DATA,"Mar 24, 2016","Feb 18, 2016",41.09
174412,DATA,"Apr 01, 2016","Feb 18, 2016",41.09
174486,DATA,"Apr 15, 2016","Feb 18, 2016",41.09
174542,DATA,"Jun 17, 2016","Feb 18, 2016",41.09
174602,DATA,"Jul 15, 2016","Feb 18, 2016",41.09
174654,DATA,"Jan 20, 2017","Feb 18, 2016",41.09
174726,DATA,"Jan 19, 2018","Feb 18, 2016",41.09
178112,DDD,"Feb 19, 2016","Feb 18, 2016",9.6
178218,DDD,"Feb 26, 2016","Feb 18, 2016",9.6
178282,DDD,"Mar 04, 2016","Feb 18, 2016",9.6
178350,DDD,"Mar 11, 2016","Feb 18, 2016",9.6
178418,DDD,"Mar 18, 2016","Feb 18, 2016",9.6
178450,DDD,"Mar 24, 2016","Feb 18, 2016",9.6
178516,DDD,"Apr 01, 2016","Feb 18, 2016",9.6
178582,DDD,"May 20, 2016","Feb 18, 2016",9.6
178632,DDD,"Aug 19, 2016","Feb 18, 2016",9.6
178670,DDD,"Jan 20, 2017","Feb 18, 2016",9.6
178716,DDD,"Jan 19, 2018","Feb 18, 2016",9.6
182292,DERM,"Feb 19, 2016","Feb 18, 2016",21.73
182310,DERM,"Mar 18, 2016","Feb 18, 2016",21.73
182322,DERM,"Jun 17, 2016","Feb 18, 2016",21.73
182338,DERM,"Sep 16, 2016","Feb 18, 2016",21.73
191074,DISH,"Feb 19, 2016","Feb 18, 2016",43.17
191242,DISH,"Feb 26, 2016","Feb 18, 2016",43.17
191370,DISH,"Mar 04, 2016","Feb 18, 2016",43.17
191468,DISH,"Mar 11, 2016","Feb 18, 2016",43.17
191568,DISH,"Mar 18, 2016","Feb 18, 2016",43.17
191618,DISH,"Mar 24, 2016","Feb 18, 2016",43.17
191710,DISH,"Apr 01, 2016","Feb 18, 2016",43.17
191794,DISH,"Jun 17, 2016","Feb 18, 2016",43.17
191844,DISH,"Sep 16, 2016","Feb 18, 2016",43.17
191882,DISH,"Jan 20, 2017","Feb 18, 2016",43.17
191946,DISH,"Jan 19, 2018","Feb 18, 2016",43.17
195934,DNR,"Feb 19, 2016","Feb 18, 2016",1.05
195954,DNR,"Mar 18, 2016","Feb 18, 2016",1.05
195986,DNR,"Jun 17, 2016","Feb 18, 2016",1.05
196012,DNR,"Sep 16, 2016","Feb 18, 2016",1.05
196034,DNR,"Jan 20, 2017","Feb 18, 2016",1.05
196070,DNR,"Jan 19, 2018","Feb 18, 2016",1.05
196094,DO,"Feb 19, 2016","Feb 18, 2016",19.05
196114,DO,"Mar 18, 2016","Feb 18, 2016",19.05
196136,DO,"Jun 17, 2016","Feb 18, 2016",19.05
196166,DO,"Sep 16, 2016","Feb 18, 2016",19.05
196196,DO,"Jan 20, 2017","Feb 18, 2016",19.05
196234,DO,"Jan 19, 2018","Feb 18, 2016",19.05
200483,DRQ,"Feb 19, 2016","Feb 18, 2016",53.38
200507,DRQ,"Mar 18, 2016","Feb 18, 2016",53.38
200535,DRQ,"Jun 17, 2016","Feb 18, 2016",53.38
200561,DRQ,"Sep 16, 2016","Feb 18, 2016",53.38
208339,DXPE,"Feb 19, 2016","Feb 18, 2016",15.09
208367,DXPE,"Mar 18, 2016","Feb 18, 2016",15.09
208389,DXPE,"May 20, 2016","Feb 18, 2016",15.09
208415,DXPE,"Aug 19, 2016","Feb 18, 2016",15.09
211115,EBS,"Feb 19, 2016","Feb 18, 2016",36.31
211133,EBS,"Mar 18, 2016","Feb 18, 2016",36.31
211153,EBS,"Jun 17, 2016","Feb 18, 2016",36.31
211175,EBS,"Sep 16, 2016","Feb 18, 2016",36.31
219481,EGRX,"Feb 19, 2016","Feb 18, 2016",61.63
219523,EGRX,"Mar 18, 2016","Feb 18, 2016",61.63
219573,EGRX,"Jun 17, 2016","Feb 18, 2016",61.63
219621,EGRX,"Sep 16, 2016","Feb 18, 2016",61.63
219681,EHTH,"Feb 19, 2016","Feb 18, 2016",10.3
219701,EHTH,"Mar 18, 2016","Feb 18, 2016",10.3
219711,EHTH,"May 20, 2016","Feb 18, 2016",10.3
219731,EHTH,"Aug 19, 2016","Feb 18, 2016",10.3
219947,EIGI,"Feb 19, 2016","Feb 18, 2016",10.28
219971,EIGI,"Mar 18, 2016","Feb 18, 2016",10.28
219987,EIGI,"May 20, 2016","Feb 18, 2016",10.28
220009,EIGI,"Aug 19, 2016","Feb 18, 2016",10.28
225785,ENTA,"Feb 19, 2016","Feb 18, 2016",27.82
225837,ENTA,"Mar 18, 2016","Feb 18, 2016",27.82
225897,ENTA,"Apr 15, 2016","Feb 18, 2016",27.82
225975,ENTA,"Jul 15, 2016","Feb 18, 2016",27.82
226191,ENVA,"Feb 19, 2016","Feb 18, 2016",6.57
226201,ENVA,"Mar 18, 2016","Feb 18, 2016",6.57
226225,ENVA,"Jun 17, 2016","Feb 18, 2016",6.57
226245,ENVA,"Sep 16, 2016","Feb 18, 2016",6.57
230231,EPZM,"Feb 19, 2016","Feb 18, 2016",9.26
230251,EPZM,"Mar 18, 2016","Feb 18, 2016",9.26
230267,EPZM,"May 20, 2016","Feb 18, 2016",9.26
230291,EPZM,"Aug 19, 2016","Feb 18, 2016",9.26
231407,ERI,"Feb 19, 2016","Feb 18, 2016",9.6
231417,ERI,"Mar 18, 2016","Feb 18, 2016",9.6
231423,ERI,"Jun 17, 2016","Feb 18, 2016",9.6
231433,ERI,"Sep 16, 2016","Feb 18, 2016",9.6
231687,ERII,"Feb 19, 2016","Feb 18, 2016",6.25
231695,ERII,"Mar 18, 2016","Feb 18, 2016",6.25
231705,ERII,"May 20, 2016","Feb 18, 2016",6.25
231715,ERII,"Aug 19, 2016","Feb 18, 2016",6.25
233787,ESPR,"Feb 19, 2016","Feb 18, 2016",15.97
233841,ESPR,"Mar 18, 2016","Feb 18, 2016",15.97
233961,ESPR,"Jun 17, 2016","Feb 18, 2016",15.97
234045,ESPR,"Sep 16, 2016","Feb 18, 2016",15.97
238707,ETSY,"Feb 19, 2016","Feb 18, 2016",7.8
238721,ETSY,"Mar 18, 2016","Feb 18, 2016",7.8
238745,ETSY,"Jun 17, 2016","Feb 18, 2016",7.8
238761,ETSY,"Sep 16, 2016","Feb 18, 2016",7.8
240717,EVH,"Feb 19, 2016","Feb 18, 2016",9.2
240731,EVH,"Mar 18, 2016","Feb 18, 2016",9.2
240743,EVH,"Jun 17, 2016","Feb 18, 2016",9.2
240755,EVH,"Sep 16, 2016","Feb 18, 2016",9.2
240995,EVRI,"Feb 19, 2016","Feb 18, 2016",2.56
241001,EVRI,"Mar 18, 2016","Feb 18, 2016",2.56
241013,EVRI,"Jun 17, 2016","Feb 18, 2016",2.56
241021,EVRI,"Sep 16, 2016","Feb 18, 2016",2.56
248479,EXAS,"Feb 19, 2016","Feb 18, 2016",6.04
248515,EXAS,"Mar 18, 2016","Feb 18, 2016",6.04
248543,EXAS,"Apr 15, 2016","Feb 18, 2016",6.04
248619,EXAS,"Jul 15, 2016","Feb 18, 2016",6.04
248657,EXAS,"Jan 20, 2017","Feb 18, 2016",6.04
248689,EXAS,"Jan 19, 2018","Feb 18, 2016",6.04
248959,EXEL,"Feb 19, 2016","Feb 18, 2016",4.07
248997,EXEL,"Mar 18, 2016","Feb 18, 2016",4.07
249027,EXEL,"May 20, 2016","Feb 18, 2016",4.07
249065,EXEL,"Aug 19, 2016","Feb 18, 2016",4.07
249099,EXEL,"Jan 20, 2017","Feb 18, 2016",4.07
249125,EXEL,"Jan 19, 2018","Feb 18, 2016",4.07
251331,EXTR,"Feb 19, 2016","Feb 18, 2016",2.63
251337,EXTR,"Mar 18, 2016","Feb 18, 2016",2.63
251343,EXTR,"Jun 17, 2016","Feb 18, 2016",2.63
251349,EXTR,"Sep 16, 2016","Feb 18, 2016",2.63
252439,EZPW,"Feb 19, 2016","Feb 18, 2016",2.82
252445,EZPW,"Mar 18, 2016","Feb 18, 2016",2.82
252455,EZPW,"Jun 17, 2016","Feb 18, 2016",2.82
252465,EZPW,"Sep 16, 2016","Feb 18, 2016",2.82
253769,FARO,"Feb 19, 2016","Feb 18, 2016",25.75
253787,FARO,"Mar 18, 2016","Feb 18, 2016",25.75
253811,FARO,"Jun 17, 2016","Feb 18, 2016",25.75
253833,FARO,"Sep 16, 2016","Feb 18, 2016",25.75
266595,FGEN,"Feb 19, 2016","Feb 18, 2016",19.31
266623,FGEN,"Mar 18, 2016","Feb 18, 2016",19.31
266643,FGEN,"Jun 17, 2016","Feb 18, 2016",19.31
266667,FGEN,"Sep 16, 2016","Feb 18, 2016",19.31
269657,FIZZ,"Feb 19, 2016","Feb 18, 2016",35.56
269677,FIZZ,"Mar 18, 2016","Feb 18, 2016",35.56
269695,FIZZ,"Apr 15, 2016","Feb 18, 2016",35.56
269717,FIZZ,"Jul 15, 2016","Feb 18, 2016",35.56
269985,FLDM,"Feb 19, 2016","Feb 18, 2016",6.23
270009,FLDM,"Mar 18, 2016","Feb 18, 2016",6.23
270021,FLDM,"May 20, 2016","Feb 18, 2016",6.23
270039,FLDM,"Aug 19, 2016","Feb 18, 2016",6.23
274111,FOLD,"Feb 19, 2016","Feb 18, 2016",6.45
274147,FOLD,"Mar 18, 2016","Feb 18, 2016",6.45
274175,FOLD,"Apr 15, 2016","Feb 18, 2016",6.45
274245,FOLD,"Jul 15, 2016","Feb 18, 2016",6.45
274291,FOLD,"Jan 20, 2017","Feb 18, 2016",6.45
274315,FOLD,"Jan 19, 2018","Feb 18, 2016",6.45
274365,FOR,"Feb 19, 2016","Feb 18, 2016",9.09
274385,FOR,"Mar 18, 2016","Feb 18, 2016",9.09
274395,FOR,"May 20, 2016","Feb 18, 2016",9.09
274415,FOR,"Aug 19, 2016","Feb 18, 2016",9.09
277271,FRPT,"Feb 19, 2016","Feb 18, 2016",7.03
277295,FRPT,"Mar 18, 2016","Feb 18, 2016",7.03
277305,FRPT,"May 20, 2016","Feb 18, 2016",7.03
277321,FRPT,"Aug 19, 2016","Feb 18, 2016",7.03
288785,GBT,"Feb 19, 2016","Feb 18, 2016",17.15
288795,GBT,"Mar 18, 2016","Feb 18, 2016",17.15
288805,GBT,"Jun 17, 2016","Feb 18, 2016",17.15
288815,GBT,"Sep 16, 2016","Feb 18, 2016",17.15
295181,GHDX,"Feb 19, 2016","Feb 18, 2016",26.72
295199,GHDX,"Mar 18, 2016","Feb 18, 2016",26.72
295215,GHDX,"Jun 17, 2016","Feb 18, 2016",26.72
295233,GHDX,"Sep 16, 2016","Feb 18, 2016",26.72
295547,GIII,"Feb 19, 2016","Feb 18, 2016",49.1
295565,GIII,"Mar 18, 2016","Feb 18, 2016",49.1
295597,GIII,"Jun 17, 2016","Feb 18, 2016",49.1
295629,GIII,"Sep 16, 2016","Feb 18, 2016",49.1
305561,GNW,"Feb 19, 2016","Feb 18, 2016",2.04
305589,GNW,"Feb 26, 2016","Feb 18, 2016",2.04
305617,GNW,"Mar 04, 2016","Feb 18, 2016",2.04
305637,GNW,"Mar 11, 2016","Feb 18, 2016",2.04
305657,GNW,"Mar 18, 2016","Feb 18, 2016",2.04
305699,GNW,"Mar 24, 2016","Feb 18, 2016",2.04
305719,GNW,"Apr 01, 2016","Feb 18, 2016",2.04
305735,GNW,"Jun 17, 2016","Feb 18, 2016",2.04
305767,GNW,"Sep 16, 2016","Feb 18, 2016",2.04
305793,GNW,"Jan 20, 2017","Feb 18, 2016",2.04
305821,GNW,"Jan 19, 2018","Feb 18, 2016",2.04
315409,GRPN,"Feb 19, 2016","Feb 18, 2016",3.84
315433,GRPN,"Feb 26, 2016","Feb 18, 2016",3.84
315457,GRPN,"Mar 04, 2016","Feb 18, 2016",3.84
315481,GRPN,"Mar 11, 2016","Feb 18, 2016",3.84
315505,GRPN,"Mar 18, 2016","Feb 18, 2016",3.84
315533,GRPN,"Mar 24, 2016","Feb 18, 2016",3.84
315557,GRPN,"Apr 01, 2016","Feb 18, 2016",3.84
315581,GRPN,"Apr 15, 2016","Feb 18, 2016",3.84
315611,GRPN,"Jul 15, 2016","Feb 18, 2016",3.84
315639,GRPN,"Jan 20, 2017","Feb 18, 2016",3.84
315667,GRPN,"Jan 19, 2018","Feb 18, 2016",3.84
315691,GRUB,"Feb 19, 2016","Feb 18, 2016",22.24
315713,GRUB,"Mar 18, 2016","Feb 18, 2016",22.24
315743,GRUB,"Jun 17, 2016","Feb 18, 2016",22.24
315775,GRUB,"Sep 16, 2016","Feb 18, 2016",22.24
315801,GRUB,"Jan 20, 2017","Feb 18, 2016",22.24
315831,GRUB,"Jan 19, 2018","Feb 18, 2016",22.24
318773,GTLS,"Feb 19, 2016","Feb 18, 2016",17.53
318797,GTLS,"Mar 18, 2016","Feb 18, 2016",17.53
318823,GTLS,"Jun 17, 2016","Feb 18, 2016",17.53
318841,GTLS,"Sep 16, 2016","Feb 18, 2016",17.53
318861,GTN,"Feb 19, 2016","Feb 18, 2016",10.64
318883,GTN,"Mar 18, 2016","Feb 18, 2016",10.64
318903,GTN,"May 20, 2016","Feb 18, 2016",10.64
318923,GTN,"Aug 19, 2016","Feb 18, 2016",10.64
319013,GTT,"Feb 19, 2016","Feb 18, 2016",14.53
319027,GTT,"Mar 18, 2016","Feb 18, 2016",14.53
319049,GTT,"May 20, 2016","Feb 18, 2016",14.53
319065,GTT,"Aug 19, 2016","Feb 18, 2016",14.53
326445,HCCI,"Feb 19, 2016","Feb 18, 2016",8.01
326467,HCCI,"Mar 18, 2016","Feb 18, 2016",8.01
326479,HCCI,"May 20, 2016","Feb 18, 2016",8.01
326497,HCCI,"Aug 19, 2016","Feb 18, 2016",8.01
336383,HLX,"Feb 19, 2016","Feb 18, 2016",3.17
336403,HLX,"Mar 18, 2016","Feb 18, 2016",3.17
336445,HLX,"Jun 17, 2016","Feb 18, 2016",3.17
336471,HLX,"Sep 16, 2016","Feb 18, 2016",3.17
336883,HMSY,"Feb 19, 2016","Feb 18, 2016",11.61
336903,HMSY,"Mar 18, 2016","Feb 18, 2016",11.61
336925,HMSY,"Jun 17, 2016","Feb 18, 2016",11.61
336941,HMSY,"Sep 16, 2016","Feb 18, 2016",11.61
341455,HQY,"Feb 19, 2016","Feb 18, 2016",19.27
341473,HQY,"Mar 18, 2016","Feb 18, 2016",19.27
341503,HQY,"Jun 17, 2016","Feb 18, 2016",19.27
341521,HQY,"Sep 16, 2016","Feb 18, 2016",19.27
342321,HRTX,"Feb 19, 2016","Feb 18, 2016",18.33
342349,HRTX,"Mar 18, 2016","Feb 18, 2016",18.33
342389,HRTX,"Jun 17, 2016","Feb 18, 2016",18.33
342423,HRTX,"Sep 16, 2016","Feb 18, 2016",18.33
342449,HRTX,"Jan 20, 2017","Feb 18, 2016",18.33
342485,HRTX,"Jan 19, 2018","Feb 18, 2016",18.33
342887,HSC,"Feb 19, 2016","Feb 18, 2016",6.15
342899,HSC,"Mar 18, 2016","Feb 18, 2016",6.15
342907,HSC,"Apr 15, 2016","Feb 18, 2016",6.15
342925,HSC,"Jul 15, 2016","Feb 18, 2016",6.15
345451,HUBS,"Feb 19, 2016","Feb 18, 2016",34.01
345469,HUBS,"Mar 18, 2016","Feb 18, 2016",34.01
345487,HUBS,"Jun 17, 2016","Feb 18, 2016",34.01
345505,HUBS,"Sep 16, 2016","Feb 18, 2016",34.01
354577,ICPT,"Feb 19, 2016","Feb 18, 2016",124.78
354791,ICPT,"Feb 26, 2016","Feb 18, 2016",124.78
354983,ICPT,"Mar 04, 2016","Feb 18, 2016",124.78
355141,ICPT,"Mar 11, 2016","Feb 18, 2016",124.78
355291,ICPT,"Mar 18, 2016","Feb 18, 2016",124.78
355429,ICPT,"Mar 24, 2016","Feb 18, 2016",124.78
355581,ICPT,"Apr 01, 2016","Feb 18, 2016",124.78
355721,ICPT,"Apr 15, 2016","Feb 18, 2016",124.78
355779,ICPT,"Jun 17, 2016","Feb 18, 2016",124.78
355873,ICPT,"Sep 16, 2016","Feb 18, 2016",124.78
355929,ICPT,"Jan 20, 2017","Feb 18, 2016",124.78
361581,IIVI,"Feb 19, 2016","Feb 18, 2016",20.47
361605,IIVI,"Mar 18, 2016","Feb 18, 2016",20.47
361619,IIVI,"Apr 15, 2016","Feb 18, 2016",20.47
361643,IIVI,"Jul 15, 2016","Feb 18, 2016",20.47
366029,IMMU,"Feb 19, 2016","Feb 18, 2016",2.21
366059,IMMU,"Mar 18, 2016","Feb 18, 2016",2.21
366081,IMMU,"May 20, 2016","Feb 18, 2016",2.21
366107,IMMU,"Aug 19, 2016","Feb 18, 2016",2.21
366133,IMMU,"Jan 20, 2017","Feb 18, 2016",2.21
366157,IMMU,"Jan 19, 2018","Feb 18, 2016",2.21
366739,INCY,"Feb 19, 2016","Feb 18, 2016",71.02
366815,INCY,"Mar 18, 2016","Feb 18, 2016",71.02
366903,INCY,"Jun 17, 2016","Feb 18, 2016",71.02
366987,INCY,"Sep 16, 2016","Feb 18, 2016",71.02
367045,INCY,"Dec 16, 2016","Feb 18, 2016",71.02
367137,INCY,"Jan 19, 2018","Feb 18, 2016",71.02
368581,INGN,"Feb 19, 2016","Feb 18, 2016",32.82
368599,INGN,"Mar 18, 2016","Feb 18, 2016",32.82
368617,INGN,"Jun 17, 2016","Feb 18, 2016",32.82
368637,INGN,"Sep 16, 2016","Feb 18, 2016",32.82
369325,INSM,"Feb 19, 2016","Feb 18, 2016",12.69
369399,INSM,"Mar 18, 2016","Feb 18, 2016",12.69
369443,INSM,"May 20, 2016","Feb 18, 2016",12.69
369513,INSM,"Aug 19, 2016","Feb 18, 2016",12.69
369575,INSM,"Jan 20, 2017","Feb 18, 2016",12.69
372931,IONS,"Feb 19, 2016","Feb 18, 2016",36.99
373099,IONS,"Feb 26, 2016","Feb 18, 2016",36.99
373259,IONS,"Mar 04, 2016","Feb 18, 2016",36.99
373363,IONS,"Mar 11, 2016","Feb 18, 2016",36.99
373465,IONS,"Mar 18, 2016","Feb 18, 2016",36.99
373537,IONS,"Mar 24, 2016","Feb 18, 2016",36.99
373627,IONS,"Apr 01, 2016","Feb 18, 2016",36.99
373711,IONS,"Apr 15, 2016","Feb 18, 2016",36.99
373797,IONS,"Jul 15, 2016","Feb 18, 2016",36.99
373883,IONS,"Jan 20, 2017","Feb 18, 2016",36.99
373935,IONS,"Jan 19, 2018","Feb 18, 2016",36.99
375519,IPHI,"Feb 19, 2016","Feb 18, 2016",23.62
375539,IPHI,"Mar 18, 2016","Feb 18, 2016",23.62
375555,IPHI,"Apr 15, 2016","Feb 18, 2016",23.62
375573,IPHI,"Jul 15, 2016","Feb 18, 2016",23.62
376661,IRDM,"Feb 19, 2016","Feb 18, 2016",7.51
376673,IRDM,"Mar 18, 2016","Feb 18, 2016",7.51
376683,IRDM,"Apr 15, 2016","Feb 18, 2016",7.51
376693,IRDM,"Jul 15, 2016","Feb 18, 2016",7.51
376909,IRWD,"Feb 19, 2016","Feb 18, 2016",8.59
376927,IRWD,"Mar 18, 2016","Feb 18, 2016",8.59
376941,IRWD,"May 20, 2016","Feb 18, 2016",8.59
376959,IRWD,"Aug 19, 2016","Feb 18, 2016",8.59
379997,ITCI,"Feb 19, 2016","Feb 18, 2016",29.85
380031,ITCI,"Mar 18, 2016","Feb 18, 2016",29.85
380055,ITCI,"May 20, 2016","Feb 18, 2016",29.85
380085,ITCI,"Jul 15, 2016","Feb 18, 2016",29.85
380101,ITCI,"Aug 19, 2016","Feb 18, 2016",29.85
416595,KOP,"Feb 19, 2016","Feb 18, 2016",16.41
416617,KOP,"Mar 18, 2016","Feb 18, 2016",16.41
416637,KOP,"Jun 17, 2016","Feb 18, 2016",16.41
416655,KOP,"Sep 16, 2016","Feb 18, 2016",16.41
417867,KRA,"Feb 19, 2016","Feb 18, 2016",15.16
417887,KRA,"Mar 18, 2016","Feb 18, 2016",15.16
417901,KRA,"Apr 15, 2016","Feb 18, 2016",15.16
417919,KRA,"Jul 15, 2016","Feb 18, 2016",15.16
420547,KTOS,"Feb 19, 2016","Feb 18, 2016",3.17
420557,KTOS,"Mar 18, 2016","Feb 18, 2016",3.17
420563,KTOS,"May 20, 2016","Feb 18, 2016",3.17
420569,KTOS,"Aug 19, 2016","Feb 18, 2016",3.17
423919,LC,"Feb 19, 2016","Feb 18, 2016",8.7
423961,LC,"Mar 18, 2016","Feb 18, 2016",8.7
423993,LC,"Apr 15, 2016","Feb 18, 2016",8.7
424043,LC,"Jul 15, 2016","Feb 18, 2016",8.7
424095,LC,"Jan 20, 2017","Feb 18, 2016",8.7
424121,LC,"Jan 19, 2018","Feb 18, 2016",8.7
426431,LGND,"Feb 19, 2016","Feb 18, 2016",89.47
426481,LGND,"Mar 18, 2016","Feb 18, 2016",89.47
426523,LGND,"May 20, 2016","Feb 18, 2016",89.47
426573,LGND,"Aug 19, 2016","Feb 18, 2016",89.47
427657,LITE,"Feb 19, 2016","Feb 18, 2016",24.39
427673,LITE,"Mar 18, 2016","Feb 18, 2016",24.39
427695,LITE,"Jun 17, 2016","Feb 18, 2016",24.39
427717,LITE,"Sep 16, 2016","Feb 18, 2016",24.39
436749,LPI,"Feb 19, 2016","Feb 18, 2016",4.74
436781,LPI,"Mar 18, 2016","Feb 18, 2016",4.74
436809,LPI,"Apr 15, 2016","Feb 18, 2016",4.74
436861,LPI,"Jul 15, 2016","Feb 18, 2016",4.74
436907,LPI,"Jan 20, 2017","Feb 18, 2016",4.74
436927,LPI,"Jan 19, 2018","Feb 18, 2016",4.74
437525,LPSN,"Feb 19, 2016","Feb 18, 2016",4.4
437535,LPSN,"Mar 18, 2016","Feb 18, 2016",4.4
437543,LPSN,"Apr 15, 2016","Feb 18, 2016",4.4
437557,LPSN,"Jul 15, 2016","Feb 18, 2016",4.4
438811,LSCC,"Feb 19, 2016","Feb 18, 2016",5.42
438819,LSCC,"Mar 18, 2016","Feb 18, 2016",5.42
438827,LSCC,"Jun 17, 2016","Feb 18, 2016",5.42
438833,LSCC,"Sep 16, 2016","Feb 18, 2016",5.42
439089,LTRPA,"Feb 19, 2016","Feb 18, 2016",20.16
439105,LTRPA,"Mar 18, 2016","Feb 18, 2016",20.16
439119,LTRPA,"Apr 15, 2016","Feb 18, 2016",20.16
439133,LTRPA,"Jul 15, 2016","Feb 18, 2016",20.16
447321,MAT,"Feb 19, 2016","Feb 18, 2016",31.47
447385,MAT,"Feb 26, 2016","Feb 18, 2016",31.47
447415,MAT,"Mar 04, 2016","Feb 18, 2016",31.47
447467,MAT,"Mar 11, 2016","Feb 18, 2016",31.47
447519,MAT,"Mar 18, 2016","Feb 18, 2016",31.47
447565,MAT,"Mar 24, 2016","Feb 18, 2016",31.47
447619,MAT,"Apr 01, 2016","Feb 18, 2016",31.47
447681,MAT,"Apr 15, 2016","Feb 18, 2016",31.47
447735,MAT,"Jul 15, 2016","Feb 18, 2016",31.47
447797,MAT,"Jan 20, 2017","Feb 18, 2016",31.47
447829,MAT,"Jan 19, 2018","Feb 18, 2016",31.47
450069,MBUU,"Feb 19, 2016","Feb 18, 2016",13.99
450089,MBUU,"Mar 18, 2016","Feb 18, 2016",13.99
450109,MBUU,"May 20, 2016","Feb 18, 2016",13.99
450131,MBUU,"Aug 19, 2016","Feb 18, 2016",13.99
452511,MCRN,"Feb 19, 2016","Feb 18, 2016",13.2
452521,MCRN,"Mar 18, 2016","Feb 18, 2016",13.2
452533,MCRN,"Jun 17, 2016","Feb 18, 2016",13.2
452545,MCRN,"Sep 16, 2016","Feb 18, 2016",13.2
453169,MDCO,"Feb 19, 2016","Feb 18, 2016",32.71
453227,MDCO,"Mar 18, 2016","Feb 18, 2016",32.71
453291,MDCO,"Apr 15, 2016","Feb 18, 2016",32.71
453367,MDCO,"Jul 15, 2016","Feb 18, 2016",32.71
453443,MDCO,"Jan 20, 2017","Feb 18, 2016",32.71
453477,MDCO,"Jan 19, 2018","Feb 18, 2016",32.71
454057,MDR,"Feb 19, 2016","Feb 18, 2016",2.48
454089,MDR,"Mar 18, 2016","Feb 18, 2016",2.48
454115,MDR,"May 20, 2016","Feb 18, 2016",2.48
454147,MDR,"Aug 19, 2016","Feb 18, 2016",2.48
454171,MDR,"Jan 20, 2017","Feb 18, 2016",2.48
461405,MGNX,"Feb 19, 2016","Feb 18, 2016",17.15
461423,MGNX,"Mar 18, 2016","Feb 18, 2016",17.15
461437,MGNX,"Apr 15, 2016","Feb 18, 2016",17.15
461453,MGNX,"Jul 15, 2016","Feb 18, 2016",17.15
463311,MIK,"Feb 19, 2016","Feb 18, 2016",22.52
463329,MIK,"Mar 18, 2016","Feb 18, 2016",22.52
463345,MIK,"Jun 17, 2016","Feb 18, 2016",22.52
463359,MIK,"Sep 16, 2016","Feb 18, 2016",22.52
469813,MNTA,"Feb 19, 2016","Feb 18, 2016",9.92
469855,MNTA,"Mar 18, 2016","Feb 18, 2016",9.92
469925,MNTA,"Jun 17, 2016","Feb 18, 2016",9.92
469989,MNTA,"Sep 16, 2016","Feb 18, 2016",9.92
472595,MOD,"Feb 19, 2016","Feb 18, 2016",8.68
472611,MOD,"Mar 18, 2016","Feb 18, 2016",8.68
472621,MOD,"May 20, 2016","Feb 18, 2016",8.68
472633,MOD,"Aug 19, 2016","Feb 18, 2016",8.68
472863,MOH,"Feb 19, 2016","Feb 18, 2016",60.4
472887,MOH,"Mar 18, 2016","Feb 18, 2016",60.4
472919,MOH,"Jun 17, 2016","Feb 18, 2016",60.4
472947,MOH,"Sep 16, 2016","Feb 18, 2016",60.4
479285,MRTX,"Feb 19, 2016","Feb 18, 2016",22.17
479301,MRTX,"Mar 18, 2016","Feb 18, 2016",22.17
479329,MRTX,"Jun 17, 2016","Feb 18, 2016",22.17
479347,MRTX,"Sep 16, 2016","Feb 18, 2016",22.17
483559,MTDR,"Feb 19, 2016","Feb 18, 2016",15.13
483581,MTDR,"Mar 18, 2016","Feb 18, 2016",15.13
483603,MTDR,"Jun 17, 2016","Feb 18, 2016",15.13
483627,MTDR,"Sep 16, 2016","Feb 18, 2016",15.13
484785,MTRX,"Feb 19, 2016","Feb 18, 2016",17.18
484809,MTRX,"Mar 18, 2016","Feb 18, 2016",17.18
484833,MTRX,"May 20, 2016","Feb 18, 2016",17.18
484847,MTRX,"Aug 19, 2016","Feb 18, 2016",17.18
484949,MTSI,"Feb 19, 2016","Feb 18, 2016",37.91
484969,MTSI,"Mar 18, 2016","Feb 18, 2016",37.91
484985,MTSI,"May 20, 2016","Feb 18, 2016",37.91
485001,MTSI,"Aug 19, 2016","Feb 18, 2016",37.91
485081,MTW,"Feb 19, 2016","Feb 18, 2016",15.59
485129,MTW,"Mar 18, 2016","Feb 18, 2016",15.59
485187,MTW,"Jun 17, 2016","Feb 18, 2016",15.59
485243,MTW,"Sep 16, 2016","Feb 18, 2016",15.59
485297,MTW,"Jan 20, 2017","Feb 18, 2016",15.59
485321,MTW,"Jan 19, 2018","Feb 18, 2016",15.59
485615,MU,"Feb 19, 2016","Feb 18, 2016",11.49
485691,MU,"Feb 26, 2016","Feb 18, 2016",11.49
485767,MU,"Mar 04, 2016","Feb 18, 2016",11.49
485841,MU,"Mar 11, 2016","Feb 18, 2016",11.49
485913,MU,"Mar 18, 2016","Feb 18, 2016",11.49
485959,MU,"Mar 24, 2016","Feb 18, 2016",11.49
486031,MU,"Apr 01, 2016","Feb 18, 2016",11.49
486103,MU,"Apr 15, 2016","Feb 18, 2016",11.49
486165,MU,"Jul 15, 2016","Feb 18, 2016",11.49
486221,MU,"Jan 20, 2017","Feb 18, 2016",11.49
486259,MU,"Jan 19, 2018","Feb 18, 2016",11.49
489471,MXL,"Feb 19, 2016","Feb 18, 2016",14.76
489493,MXL,"Mar 18, 2016","Feb 18, 2016",14.76
489511,MXL,"Jun 17, 2016","Feb 18, 2016",14.76
489531,MXL,"Sep 16, 2016","Feb 18, 2016",14.76
490677,MYL,"Feb 19, 2016","Feb 18, 2016",44.71
490815,MYL,"Feb 26, 2016","Feb 18, 2016",44.71
490931,MYL,"Mar 04, 2016","Feb 18, 2016",44.71
491033,MYL,"Mar 11, 2016","Feb 18, 2016",44.71
491135,MYL,"Mar 18, 2016","Feb 18, 2016",44.71
491171,MYL,"Mar 24, 2016","Feb 18, 2016",44.71
491275,MYL,"Apr 01, 2016","Feb 18, 2016",44.71
491367,MYL,"Apr 15, 2016","Feb 18, 2016",44.71
491409,MYL,"Jul 15, 2016","Feb 18, 2016",44.71
491449,MYL,"Jan 20, 2017","Feb 18, 2016",44.71
491513,MYL,"Jan 19, 2018","Feb 18, 2016",44.71
492631,NAV,"Feb 19, 2016","Feb 18, 2016",8.29
492691,NAV,"Feb 26, 2016","Feb 18, 2016",8.29
492755,NAV,"Mar 04, 2016","Feb 18, 2016",8.29
492817,NAV,"Mar 11, 2016","Feb 18, 2016",8.29
492879,NAV,"Mar 18, 2016","Feb 18, 2016",8.29
492909,NAV,"Mar 24, 2016","Feb 18, 2016",8.29
492971,NAV,"Apr 01, 2016","Feb 18, 2016",8.29
493035,NAV,"Apr 15, 2016","Feb 18, 2016",8.29
493105,NAV,"Jul 15, 2016","Feb 18, 2016",8.29
493159,NAV,"Jan 20, 2017","Feb 18, 2016",8.29
493201,NAV,"Jan 19, 2018","Feb 18, 2016",8.29
493479,NBIX,"Feb 19, 2016","Feb 18, 2016",36.42
493555,NBIX,"Mar 18, 2016","Feb 18, 2016",36.42
493631,NBIX,"May 20, 2016","Feb 18, 2016",36.42
493711,NBIX,"Jun 17, 2016","Feb 18, 2016",36.42
493779,NBIX,"Aug 19, 2016","Feb 18, 2016",36.42
509749,NKTR,"Feb 19, 2016","Feb 18, 2016",11.34
509805,NKTR,"Mar 18, 2016","Feb 18, 2016",11.34
509855,NKTR,"May 20, 2016","Feb 18, 2016",11.34
509911,NKTR,"Aug 19, 2016","Feb 18, 2016",11.34
509967,NKTR,"Dec 16, 2016","Feb 18, 2016",11.34
511599,NMIH,"Feb 19, 2016","Feb 18, 2016",5.26
511609,NMIH,"Mar 18, 2016","Feb 18, 2016",5.26
511619,NMIH,"Jun 17, 2016","Feb 18, 2016",5.26
511629,NMIH,"Sep 16, 2016","Feb 18, 2016",5.26
512525,NOG,"Feb 19, 2016","Feb 18, 2016",3.04
512541,NOG,"Mar 18, 2016","Feb 18, 2016",3.04
512565,NOG,"Jun 17, 2016","Feb 18, 2016",3.04
512587,NOG,"Sep 16, 2016","Feb 18, 2016",3.04
514779,NR,"Feb 19, 2016","Feb 18, 2016",3.65
514787,NR,"Mar 18, 2016","Feb 18, 2016",3.65
514799,NR,"Jun 17, 2016","Feb 18, 2016",3.65
514807,NR,"Sep 16, 2016","Feb 18, 2016",3.65
519617,NTGR,"Feb 19, 2016","Feb 18, 2016",39.25
519667,NTGR,"Mar 18, 2016","Feb 18, 2016",39.25
519735,NTGR,"Jun 17, 2016","Feb 18, 2016",39.25
519801,NTGR,"Sep 16, 2016","Feb 18, 2016",39.25
520155,NTRA,"Feb 19, 2016","Feb 18, 2016",7.1
520169,NTRA,"Mar 18, 2016","Feb 18, 2016",7.1
520181,NTRA,"Apr 15, 2016","Feb 18, 2016",7.1
520197,NTRA,"Jul 15, 2016","Feb 18, 2016",7.1
524409,NVCR,"Feb 19, 2016","Feb 18, 2016",12.22
524427,NVCR,"Mar 18, 2016","Feb 18, 2016",12.22
524443,NVCR,"Apr 15, 2016","Feb 18, 2016",12.22
524455,NVCR,"Jun 17, 2016","Feb 18, 2016",12.22
524471,NVCR,"Sep 16, 2016","Feb 18, 2016",12.22
526003,NVTA,"Feb 19, 2016","Feb 18, 2016",7.23
526013,NVTA,"Mar 18, 2016","Feb 18, 2016",7.23
526023,NVTA,"Jun 17, 2016","Feb 18, 2016",7.23
526035,NVTA,"Sep 16, 2016","Feb 18, 2016",7.23
529893,OAS,"Feb 19, 2016","Feb 18, 2016",4.83
529965,OAS,"Mar 18, 2016","Feb 18, 2016",4.83
530001,OAS,"May 20, 2016","Feb 18, 2016",4.83
530063,OAS,"Aug 19, 2016","Feb 18, 2016",4.83
530107,OAS,"Jan 20, 2017","Feb 18, 2016",4.83
530147,OAS,"Jan 19, 2018","Feb 18, 2016",4.83
534449,OII,"Feb 19, 2016","Feb 18, 2016",27.9
534467,OII,"Mar 18, 2016","Feb 18, 2016",27.9
534483,OII,"Apr 15, 2016","Feb 18, 2016",27.9
534503,OII,"Jul 15, 2016","Feb 18, 2016",27.9
534717,OIS,"Feb 19, 2016","Feb 18, 2016",25.09
534733,OIS,"Mar 18, 2016","Feb 18, 2016",25.09
534753,OIS,"Jun 17, 2016","Feb 18, 2016",25.09
534771,OIS,"Sep 16, 2016","Feb 18, 2016",25.09
536615,OMER,"Feb 19, 2016","Feb 18, 2016",10.38
536691,OMER,"Mar 18, 2016","Feb 18, 2016",10.38
536731,OMER,"May 20, 2016","Feb 18, 2016",10.38
536791,OMER,"Aug 19, 2016","Feb 18, 2016",10.38
538043,OPK,"Feb 19, 2016","Feb 18, 2016",8.73
538113,OPK,"Feb 26, 2016","Feb 18, 2016",8.73
538181,OPK,"Mar 04, 2016","Feb 18, 2016",8.73
538245,OPK,"Mar 11, 2016","Feb 18, 2016",8.73
538309,OPK,"Mar 18, 2016","Feb 18, 2016",8.73
538375,OPK,"Mar 24, 2016","Feb 18, 2016",8.73
538439,OPK,"Apr 01, 2016","Feb 18, 2016",8.73
538503,OPK,"Jun 17, 2016","Feb 18, 2016",8.73
538547,OPK,"Sep 16, 2016","Feb 18, 2016",8.73
538579,OPK,"Jan 20, 2017","Feb 18, 2016",8.73
538607,OPK,"Jan 19, 2018","Feb 18, 2016",8.73
547333,PAYC,"Feb 19, 2016","Feb 18, 2016",27.81
547353,PAYC,"Mar 18, 2016","Feb 18, 2016",27.81
547369,PAYC,"May 20, 2016","Feb 18, 2016",27.81
547393,PAYC,"Aug 19, 2016","Feb 18, 2016",27.81
549103,PBYI,"Feb 19, 2016","Feb 18, 2016",44.22
549301,PBYI,"Feb 26, 2016","Feb 18, 2016",44.22
549471,PBYI,"Mar 04, 2016","Feb 18, 2016",44.22
549559,PBYI,"Mar 11, 2016","Feb 18, 2016",44.22
549645,PBYI,"Mar 18, 2016","Feb 18, 2016",44.22
549705,PBYI,"Mar 24, 2016","Feb 18, 2016",44.22
549791,PBYI,"Apr 01, 2016","Feb 18, 2016",44.22
549893,PBYI,"Jun 17, 2016","Feb 18, 2016",44.22
549945,PBYI,"Sep 16, 2016","Feb 18, 2016",44.22
555359,PCRX,"Feb 19, 2016","Feb 18, 2016",60.17
555401,PCRX,"Mar 18, 2016","Feb 18, 2016",60.17
555429,PCRX,"May 20, 2016","Feb 18, 2016",60.17
555471,PCRX,"Aug 19, 2016","Feb 18, 2016",60.17
555535,PCTY,"Feb 19, 2016","Feb 18, 2016",27.48
555555,PCTY,"Mar 18, 2016","Feb 18, 2016",27.48
555573,PCTY,"May 20, 2016","Feb 18, 2016",27.48
555599,PCTY,"Aug 19, 2016","Feb 18, 2016",27.48
555801,PDCE,"Feb 19, 2016","Feb 18, 2016",47.32
555825,PDCE,"Mar 18, 2016","Feb 18, 2016",47.32
555845,PDCE,"Apr 15, 2016","Feb 18, 2016",47.32
555867,PDCE,"Jul 15, 2016","Feb 18, 2016",47.32
557341,PENN,"Feb 19, 2016","Feb 18, 2016",13.94
557379,PENN,"Mar 18, 2016","Feb 18, 2016",13.94
557417,PENN,"Apr 15, 2016","Feb 18, 2016",13.94
557459,PENN,"Jul 15, 2016","Feb 18, 2016",13.94
560801,PFPT,"Feb 19, 2016","Feb 18, 2016",41.22
560829,PFPT,"Mar 18, 2016","Feb 18, 2016",41.22
560855,PFPT,"May 20, 2016","Feb 18, 2016",41.22
560891,PFPT,"Aug 19, 2016","Feb 18, 2016",41.22
570839,PODD,"Feb 19, 2016","Feb 18, 2016",26.99
570857,PODD,"Mar 18, 2016","Feb 18, 2016",26.99
570875,PODD,"Jun 17, 2016","Feb 18, 2016",26.99
570895,PODD,"Sep 16, 2016","Feb 18, 2016",26.99
575147,PRLB,"Feb 19, 2016","Feb 18, 2016",63.66
575173,PRLB,"Mar 18, 2016","Feb 18, 2016",63.66
575197,PRLB,"Apr 15, 2016","Feb 18, 2016",63.66
575227,PRLB,"Jul 15, 2016","Feb 18, 2016",63.66
575433,PRO,"Feb 19, 2016","Feb 18, 2016",11.03
575455,PRO,"Mar 18, 2016","Feb 18, 2016",11.03
575477,PRO,"May 20, 2016","Feb 18, 2016",11.03
575501,PRO,"Aug 19, 2016","Feb 18, 2016",11.03
575849,PRTY,"Feb 19, 2016","Feb 18, 2016",9.29
575867,PRTY,"Mar 18, 2016","Feb 18, 2016",9.29
575885,PRTY,"Apr 15, 2016","Feb 18, 2016",9.29
575909,PRTY,"Jul 15, 2016","Feb 18, 2016",9.29
579141,PTCT,"Feb 19, 2016","Feb 18, 2016",29.23
579205,PTCT,"Mar 18, 2016","Feb 18, 2016",29.23
579279,PTCT,"Jun 17, 2016","Feb 18, 2016",29.23
579337,PTCT,"Sep 16, 2016","Feb 18, 2016",29.23
579395,PTCT,"Jan 20, 2017","Feb 18, 2016",29.23
579417,PTCT,"Jan 19, 2018","Feb 18, 2016",29.23
580101,PTLA,"Feb 19, 2016","Feb 18, 2016",29.2
580135,PTLA,"Mar 18, 2016","Feb 18, 2016",29.2
580167,PTLA,"Apr 15, 2016","Feb 18, 2016",29.2
580197,PTLA,"Jun 17, 2016","Feb 18, 2016",29.2
580223,PTLA,"Sep 16, 2016","Feb 18, 2016",29.2
585653,QDEL,"Feb 19, 2016","Feb 18, 2016",13.87
585667,QDEL,"Mar 18, 2016","Feb 18, 2016",13.87
585683,QDEL,"Jun 17, 2016","Feb 18, 2016",13.87
585707,QDEL,"Sep 16, 2016","Feb 18, 2016",13.87
585727,QEP,"Feb 19, 2016","Feb 18, 2016",10.57
585765,QEP,"Mar 18, 2016","Feb 18, 2016",10.57
585819,QEP,"Jun 17, 2016","Feb 18, 2016",10.57
585875,QEP,"Sep 16, 2016","Feb 18, 2016",10.57
585921,QEP,"Jan 20, 2017","Feb 18, 2016",10.57
585949,QEP,"Jan 19, 2018","Feb 18, 2016",10.57
588765,QLYS,"Feb 19, 2016","Feb 18, 2016",22.67
588787,QLYS,"Mar 18, 2016","Feb 18, 2016",22.67
588817,QLYS,"Jun 17, 2016","Feb 18, 2016",22.67
588843,QLYS,"Sep 16, 2016","Feb 18, 2016",22.67
591701,QTWO,"Feb 19, 2016","Feb 18, 2016",20.0
591719,QTWO,"Mar 18, 2016","Feb 18, 2016",20.0
591733,QTWO,"May 20, 2016","Feb 18, 2016",20.0
591751,QTWO,"Aug 19, 2016","Feb 18, 2016",20.0
594321,RARE,"Feb 19, 2016","Feb 18, 2016",60.52
594385,RARE,"Mar 18, 2016","Feb 18, 2016",60.52
594421,RARE,"May 20, 2016","Feb 18, 2016",60.52
594485,RARE,"Aug 19, 2016","Feb 18, 2016",60.52
597213,RDNT,"Feb 19, 2016","Feb 18, 2016",5.62
597223,RDNT,"Mar 18, 2016","Feb 18, 2016",5.62
597233,RDNT,"Jun 17, 2016","Feb 18, 2016",5.62
597241,RDNT,"Sep 16, 2016","Feb 18, 2016",5.62
597613,RDUS,"Feb 19, 2016","Feb 18, 2016",25.18
597649,RDUS,"Mar 18, 2016","Feb 18, 2016",25.18
597673,RDUS,"Apr 15, 2016","Feb 18, 2016",25.18
597717,RDUS,"Jul 15, 2016","Feb 18, 2016",25.18
598553,REGI,"Feb 19, 2016","Feb 18, 2016",6.72
598567,REGI,"Mar 18, 2016","Feb 18, 2016",6.72
598579,REGI,"Apr 15, 2016","Feb 18, 2016",6.72
598593,REGI,"Jul 15, 2016","Feb 18, 2016",6.72
602517,RGEN,"Feb 19, 2016","Feb 18, 2016",24.3
602539,RGEN,"Mar 18, 2016","Feb 18, 2016",24.3
602555,RGEN,"May 20, 2016","Feb 18, 2016",24.3
602579,RGEN,"Aug 19, 2016","Feb 18, 2016",24.3
603151,RH,"Feb 19, 2016","Feb 18, 2016",51.83
603193,RH,"Mar 18, 2016","Feb 18, 2016",51.83
603219,RH,"May 20, 2016","Feb 18, 2016",51.83
603271,RH,"Aug 19, 2016","Feb 18, 2016",51.83
603311,RH,"Jan 20, 2017","Feb 18, 2016",51.83
603365,RH,"Jan 19, 2018","Feb 18, 2016",51.83
608716,ROG,"Feb 19, 2016","Feb 18, 2016",45.29
608736,ROG,"Mar 18, 2016","Feb 18, 2016",45.29
608760,ROG,"Jun 17, 2016","Feb 18, 2016",45.29
608782,ROG,"Sep 16, 2016","Feb 18, 2016",45.29
610290,RPD,"Feb 19, 2016","Feb 18, 2016",12.2
610312,RPD,"Mar 18, 2016","Feb 18, 2016",12.2
610334,RPD,"May 20, 2016","Feb 18, 2016",12.2
610356,RPD,"Aug 19, 2016","Feb 18, 2016",12.2
622756,SAGE,"Feb 19, 2016","Feb 18, 2016",31.31
622798,SAGE,"Mar 18, 2016","Feb 18, 2016",31.31
622818,SAGE,"May 20, 2016","Feb 18, 2016",31.31
622852,SAGE,"Aug 19, 2016","Feb 18, 2016",31.31
622946,SAIA,"Feb 19, 2016","Feb 18, 2016",26.0
622966,SAIA,"Mar 18, 2016","Feb 18, 2016",26.0
622994,SAIA,"Jun 17, 2016","Feb 18, 2016",26.0
623010,SAIA,"Sep 16, 2016","Feb 18, 2016",26.0
636942,SEAS,"Feb 19, 2016","Feb 18, 2016",18.88
636980,SEAS,"Mar 18, 2016","Feb 18, 2016",18.88
637018,SEAS,"Jun 17, 2016","Feb 18, 2016",18.88
637058,SEAS,"Sep 16, 2016","Feb 18, 2016",18.88
637098,SEAS,"Jan 20, 2017","Feb 18, 2016",18.88
637124,SEAS,"Jan 19, 2018","Feb 18, 2016",18.88
640056,SGEN,"Feb 19, 2016","Feb 18, 2016",29.84
640116,SGEN,"Mar 18, 2016","Feb 18, 2016",29.84
640190,SGEN,"Jun 17, 2016","Feb 18, 2016",29.84
640270,SGEN,"Sep 16, 2016","Feb 18, 2016",29.84
640630,SGMO,"Feb 19, 2016","Feb 18, 2016",5.32
640670,SGMO,"Mar 18, 2016","Feb 18, 2016",5.32
640696,SGMO,"May 20, 2016","Feb 18, 2016",5.32
640734,SGMO,"Aug 19, 2016","Feb 18, 2016",5.32
640772,SGMO,"Jan 20, 2017","Feb 18, 2016",5.32
640786,SGMO,"Jan 19, 2018","Feb 18, 2016",5.32
640800,SGMS,"Feb 19, 2016","Feb 18, 2016",6.27
640832,SGMS,"Mar 18, 2016","Feb 18, 2016",6.27
640860,SGMS,"Apr 15, 2016","Feb 18, 2016",6.27
640910,SGMS,"Jul 15, 2016","Feb 18, 2016",6.27
640944,SGMS,"Jan 20, 2017","Feb 18, 2016",6.27
640966,SGMS,"Jan 19, 2018","Feb 18, 2016",6.27
656356,SMTC,"Feb 19, 2016","Feb 18, 2016",17.3
656394,SMTC,"Mar 18, 2016","Feb 18, 2016",17.3
656444,SMTC,"Jun 17, 2016","Feb 18, 2016",17.3
656492,SMTC,"Sep 16, 2016","Feb 18, 2016",17.3
663926,SPLK,"Feb 19, 2016","Feb 18, 2016",33.74
664136,SPLK,"Feb 26, 2016","Feb 18, 2016",33.74
664294,SPLK,"Mar 04, 2016","Feb 18, 2016",33.74
664420,SPLK,"Mar 11, 2016","Feb 18, 2016",33.74
664550,SPLK,"Mar 18, 2016","Feb 18, 2016",33.74
664592,SPLK,"Mar 24, 2016","Feb 18, 2016",33.74
664722,SPLK,"Apr 01, 2016","Feb 18, 2016",33.74
664808,SPLK,"May 20, 2016","Feb 18, 2016",33.74
664860,SPLK,"Aug 19, 2016","Feb 18, 2016",33.74
664908,SPLK,"Jan 20, 2017","Feb 18, 2016",33.74
664974,SPLK,"Jan 19, 2018","Feb 18, 2016",33.74
666060,SPPI,"Feb 19, 2016","Feb 18, 2016",4.45
666088,SPPI,"Mar 18, 2016","Feb 18, 2016",4.45
666108,SPPI,"May 20, 2016","Feb 18, 2016",4.45
666134,SPPI,"Aug 19, 2016","Feb 18, 2016",4.45
666662,SPWR,"Feb 19, 2016","Feb 18, 2016",22.84
666758,SPWR,"Feb 26, 2016","Feb 18, 2016",22.84
666850,SPWR,"Mar 04, 2016","Feb 18, 2016",22.84
666940,SPWR,"Mar 11, 2016","Feb 18, 2016",22.84
667018,SPWR,"Mar 18, 2016","Feb 18, 2016",22.84
667088,SPWR,"Mar 24, 2016","Feb 18, 2016",22.84
667166,SPWR,"Apr 01, 2016","Feb 18, 2016",22.84
667242,SPWR,"Jun 17, 2016","Feb 18, 2016",22.84
667312,SPWR,"Sep 16, 2016","Feb 18, 2016",22.84
667370,SPWR,"Jan 20, 2017","Feb 18, 2016",22.84
667402,SPWR,"Jan 19, 2018","Feb 18, 2016",22.84
685032,SRDX,"Feb 19, 2016","Feb 18, 2016",19.22
685048,SRDX,"Mar 18, 2016","Feb 18, 2016",19.22
685070,SRDX,"May 20, 2016","Feb 18, 2016",19.22
685086,SRDX,"Aug 19, 2016","Feb 18, 2016",19.22
685474,SRPT,"Feb 19, 2016","Feb 18, 2016",13.36
685624,SRPT,"Feb 26, 2016","Feb 18, 2016",13.36
685782,SRPT,"Mar 04, 2016","Feb 18, 2016",13.36
685860,SRPT,"Mar 11, 2016","Feb 18, 2016",13.36
685932,SRPT,"Mar 18, 2016","Feb 18, 2016",13.36
686034,SRPT,"Mar 24, 2016","Feb 18, 2016",13.36
686108,SRPT,"Apr 01, 2016","Feb 18, 2016",13.36
686184,SRPT,"Apr 15, 2016","Feb 18, 2016",13.36
686240,SRPT,"May 20, 2016","Feb 18, 2016",13.36
686344,SRPT,"Jun 17, 2016","Feb 18, 2016",13.36
686386,SRPT,"Aug 19, 2016","Feb 18, 2016",13.36
686488,SRPT,"Jan 20, 2017","Feb 18, 2016",13.36
686528,SRPT,"Jan 19, 2018","Feb 18, 2016",13.36
689484,SSYS,"Feb 19, 2016","Feb 18, 2016",17.56
689586,SSYS,"Feb 26, 2016","Feb 18, 2016",17.56
689678,SSYS,"Mar 04, 2016","Feb 18, 2016",17.56
689750,SSYS,"Mar 11, 2016","Feb 18, 2016",17.56
689822,SSYS,"Mar 18, 2016","Feb 18, 2016",17.56
689846,SSYS,"Mar 24, 2016","Feb 18, 2016",17.56
689920,SSYS,"Apr 01, 2016","Feb 18, 2016",17.56
689996,SSYS,"Jun 17, 2016","Feb 18, 2016",17.56
690020,SSYS,"Sep 16, 2016","Feb 18, 2016",17.56
690044,SSYS,"Jan 20, 2017","Feb 18, 2016",17.56
690114,SSYS,"Jan 19, 2018","Feb 18, 2016",17.56
690230,STAA,"Feb 19, 2016","Feb 18, 2016",6.25
690242,STAA,"Mar 18, 2016","Feb 18, 2016",6.25
690256,STAA,"Jun 17, 2016","Feb 18, 2016",6.25
690268,STAA,"Sep 16, 2016","Feb 18, 2016",6.25
691850,STML,"Feb 19, 2016","Feb 18, 2016",4.23
691860,STML,"Mar 18, 2016","Feb 18, 2016",4.23
691880,STML,"Jun 17, 2016","Feb 18, 2016",4.23
691894,STML,"Sep 16, 2016","Feb 18, 2016",4.23
691900,STMP,"Feb 19, 2016","Feb 18, 2016",92.07
691944,STMP,"Mar 18, 2016","Feb 18, 2016",92.07
691984,STMP,"May 20, 2016","Feb 18, 2016",92.07
692032,STMP,"Aug 19, 2016","Feb 18, 2016",92.07
695800,SUM,"Feb 19, 2016","Feb 18, 2016",16.29
695822,SUM,"Mar 18, 2016","Feb 18, 2016",16.29
695844,SUM,"May 20, 2016","Feb 18, 2016",16.29
695866,SUM,"Aug 19, 2016","Feb 18, 2016",16.29
696528,SUPN,"Feb 19, 2016","Feb 18, 2016",13.12
696568,SUPN,"Mar 18, 2016","Feb 18, 2016",13.12
696638,SUPN,"Jun 17, 2016","Feb 18, 2016",13.12
696704,SUPN,"Sep 16, 2016","Feb 18, 2016",13.12
700512,SWN,"Feb 19, 2016","Feb 18, 2016",8.49
700542,SWN,"Mar 18, 2016","Feb 18, 2016",8.49
700616,SWN,"Jun 17, 2016","Feb 18, 2016",8.49
700660,SWN,"Sep 16, 2016","Feb 18, 2016",8.49
700696,SWN,"Jan 20, 2017","Feb 18, 2016",8.49
700740,SWN,"Jan 19, 2018","Feb 18, 2016",8.49
700829,SXC,"Feb 19, 2016","Feb 18, 2016",3.78
700835,SXC,"Mar 18, 2016","Feb 18, 2016",3.78
700853,SXC,"Jun 17, 2016","Feb 18, 2016",3.78
700863,SXC,"Sep 16, 2016","Feb 18, 2016",3.78
702953,SYNA,"Feb 19, 2016","Feb 18, 2016",78.09
703143,SYNA,"Feb 26, 2016","Feb 18, 2016",78.09
703289,SYNA,"Mar 04, 2016","Feb 18, 2016",78.09
703443,SYNA,"Mar 11, 2016","Feb 18, 2016",78.09
703567,SYNA,"Mar 18, 2016","Feb 18, 2016",78.09
703609,SYNA,"Mar 24, 2016","Feb 18, 2016",78.09
703735,SYNA,"Apr 01, 2016","Feb 18, 2016",78.09
703837,SYNA,"Jun 17, 2016","Feb 18, 2016",78.09
703879,SYNA,"Sep 16, 2016","Feb 18, 2016",78.09
703911,SYNA,"Jan 20, 2017","Feb 18, 2016",78.09
703961,SYNA,"Jan 19, 2018","Feb 18, 2016",78.09
709033,TCBI,"Feb 19, 2016","Feb 18, 2016",32.77
709053,TCBI,"Mar 18, 2016","Feb 18, 2016",32.77
709081,TCBI,"Jun 17, 2016","Feb 18, 2016",32.77
709107,TCBI,"Sep 16, 2016","Feb 18, 2016",32.77
710505,TDOC,"Feb 19, 2016","Feb 18, 2016",14.52
710521,TDOC,"Mar 18, 2016","Feb 18, 2016",14.52
710535,TDOC,"Apr 15, 2016","Feb 18, 2016",14.52
710549,TDOC,"Jul 15, 2016","Feb 18, 2016",14.52
716239,TGTX,"Feb 19, 2016","Feb 18, 2016",8.66
716263,TGTX,"Mar 18, 2016","Feb 18, 2016",8.66
716277,TGTX,"May 20, 2016","Feb 18, 2016",8.66
716297,TGTX,"Aug 19, 2016","Feb 18, 2016",8.66
716315,THC,"Feb 19, 2016","Feb 18, 2016",25.04
716435,THC,"Feb 26, 2016","Feb 18, 2016",25.04
716523,THC,"Mar 04, 2016","Feb 18, 2016",25.04
716603,THC,"Mar 11, 2016","Feb 18, 2016",25.04
716675,THC,"Mar 18, 2016","Feb 18, 2016",25.04
716727,THC,"Mar 24, 2016","Feb 18, 2016",25.04
716801,THC,"Apr 01, 2016","Feb 18, 2016",25.04
716877,THC,"May 20, 2016","Feb 18, 2016",25.04
716943,THC,"Aug 19, 2016","Feb 18, 2016",25.04
716991,THC,"Jan 20, 2017","Feb 18, 2016",25.04
717047,THC,"Jan 19, 2018","Feb 18, 2016",25.04
717557,THR,"Feb 19, 2016","Feb 18, 2016",16.92
717573,THR,"Mar 18, 2016","Feb 18, 2016",16.92
717595,THR,"May 20, 2016","Feb 18, 2016",16.92
717609,THR,"Aug 19, 2016","Feb 18, 2016",16.92
728101,TPC,"Feb 19, 2016","Feb 18, 2016",12.61
728123,TPC,"Mar 18, 2016","Feb 18, 2016",12.61
728143,TPC,"Apr 15, 2016","Feb 18, 2016",12.61
728165,TPC,"Jul 15, 2016","Feb 18, 2016",12.61
728189,TPH,"Feb 19, 2016","Feb 18, 2016",9.42
728229,TPH,"Mar 18, 2016","Feb 18, 2016",9.42
728267,TPH,"Apr 15, 2016","Feb 18, 2016",9.42
728311,TPH,"Jul 15, 2016","Feb 18, 2016",9.42
728353,TPH,"Jan 20, 2017","Feb 18, 2016",9.42
728573,TPX,"Feb 19, 2016","Feb 18, 2016",55.55
728603,TPX,"Mar 18, 2016","Feb 18, 2016",55.55
728637,TPX,"Jun 17, 2016","Feb 18, 2016",55.55
728671,TPX,"Sep 16, 2016","Feb 18, 2016",55.55
728697,TPX,"Dec 16, 2016","Feb 18, 2016",55.55
730853,TREX,"Feb 19, 2016","Feb 18, 2016",34.5
730871,TREX,"Mar 18, 2016","Feb 18, 2016",34.5
730889,TREX,"Apr 15, 2016","Feb 18, 2016",34.5
730911,TREX,"Jul 15, 2016","Feb 18, 2016",34.5
734067,TRUP,"Feb 19, 2016","Feb 18, 2016",9.49
734075,TRUP,"Mar 18, 2016","Feb 18, 2016",9.49
734085,TRUP,"May 20, 2016","Feb 18, 2016",9.49
734093,TRUP,"Aug 19, 2016","Feb 18, 2016",9.49
740918,TTMI,"Feb 19, 2016","Feb 18, 2016",6.46
740928,TTMI,"Mar 18, 2016","Feb 18, 2016",6.46
740942,TTMI,"Jun 17, 2016","Feb 18, 2016",6.46
740952,TTMI,"Sep 16, 2016","Feb 18, 2016",6.46
753602,UCTT,"Feb 19, 2016","Feb 18, 2016",4.77
753610,UCTT,"Mar 18, 2016","Feb 18, 2016",4.77
753618,UCTT,"Jun 17, 2016","Feb 18, 2016",4.77
753626,UCTT,"Sep 16, 2016","Feb 18, 2016",4.77
754392,UEIC,"Feb 19, 2016","Feb 18, 2016",52.46
754412,UEIC,"Mar 18, 2016","Feb 18, 2016",52.46
754430,UEIC,"May 20, 2016","Feb 18, 2016",52.46
754450,UEIC,"Aug 19, 2016","Feb 18, 2016",52.46
766594,USCR,"Feb 19, 2016","Feb 18, 2016",51.53
766616,USCR,"Mar 18, 2016","Feb 18, 2016",51.53
766634,USCR,"May 20, 2016","Feb 18, 2016",51.53
766656,USCR,"Aug 19, 2016","Feb 18, 2016",51.53
769110,UTHR,"Feb 19, 2016","Feb 18, 2016",127.89
769180,UTHR,"Mar 18, 2016","Feb 18, 2016",127.89
769234,UTHR,"May 20, 2016","Feb 18, 2016",127.89
769296,UTHR,"Aug 19, 2016","Feb 18, 2016",127.89
769362,UTHR,"Jan 20, 2017","Feb 18, 2016",127.89
778494,VC,"Feb 19, 2016","Feb 18, 2016",67.26
778552,VC,"Mar 18, 2016","Feb 18, 2016",67.26
778610,VC,"Jun 17, 2016","Feb 18, 2016",67.26
778678,VC,"Sep 16, 2016","Feb 18, 2016",67.26
778746,VCEL,"Feb 19, 2016","Feb 18, 2016",1.95
778750,VCEL,"Mar 18, 2016","Feb 18, 2016",1.95
778756,VCEL,"Apr 15, 2016","Feb 18, 2016",1.95
778762,VCEL,"Jul 15, 2016","Feb 18, 2016",1.95
779248,VCYT,"Feb 19, 2016","Feb 18, 2016",6.09
779258,VCYT,"Mar 18, 2016","Feb 18, 2016",6.09
779270,VCYT,"Jun 17, 2016","Feb 18, 2016",6.09
779278,VCYT,"Sep 16, 2016","Feb 18, 2016",6.09
780280,VECO,"Feb 19, 2016","Feb 18, 2016",19.38
780320,VECO,"Mar 18, 2016","Feb 18, 2016",19.38
780358,VECO,"Apr 15, 2016","Feb 18, 2016",19.38
780406,VECO,"Jul 15, 2016","Feb 18, 2016",19.38
780488,VEEV,"Feb 19, 2016","Feb 18, 2016",22.12
780534,VEEV,"Mar 18, 2016","Feb 18, 2016",22.12
780590,VEEV,"Jun 17, 2016","Feb 18, 2016",22.12
780656,VEEV,"Sep 16, 2016","Feb 18, 2016",22.12
780710,VEEV,"Jan 20, 2017","Feb 18, 2016",22.12
804752,W,"Feb 19, 2016","Feb 18, 2016",38.33
804896,W,"Feb 26, 2016","Feb 18, 2016",38.33
805016,W,"Mar 04, 2016","Feb 18, 2016",38.33
805134,W,"Mar 11, 2016","Feb 18, 2016",38.33
805254,W,"Mar 18, 2016","Feb 18, 2016",38.33
805278,W,"Mar 24, 2016","Feb 18, 2016",38.33
805384,W,"Apr 01, 2016","Feb 18, 2016",38.33
805476,W,"May 20, 2016","Feb 18, 2016",38.33
805502,W,"Aug 19, 2016","Feb 18, 2016",38.33
805530,W,"Dec 16, 2016","Feb 18, 2016",38.33
805556,W,"Jan 19, 2018","Feb 18, 2016",38.33
808634,WDAY,"Feb 19, 2016","Feb 18, 2016",54.04
808876,WDAY,"Feb 26, 2016","Feb 18, 2016",54.04
809036,WDAY,"Mar 04, 2016","Feb 18, 2016",54.04
809164,WDAY,"Mar 11, 2016","Feb 18, 2016",54.04
809288,WDAY,"Mar 18, 2016","Feb 18, 2016",54.04
809352,WDAY,"Mar 24, 2016","Feb 18, 2016",54.04
809470,WDAY,"Apr 01, 2016","Feb 18, 2016",54.04
809558,WDAY,"Jun 17, 2016","Feb 18, 2016",54.04
809626,WDAY,"Sep 16, 2016","Feb 18, 2016",54.04
809682,WDAY,"Jan 20, 2017","Feb 18, 2016",54.04
809760,WDAY,"Jan 19, 2018","Feb 18, 2016",54.04
815336,WIFI,"Feb 19, 2016","Feb 18, 2016",5.75
815370,WIFI,"Mar 18, 2016","Feb 18, 2016",5.75
815396,WIFI,"May 20, 2016","Feb 18, 2016",5.75
815426,WIFI,"Aug 19, 2016","Feb 18, 2016",5.75
816328,WLL,"Feb 19, 2016","Feb 18, 2016",4.73
816390,WLL,"Feb 26, 2016","Feb 18, 2016",4.73
816452,WLL,"Mar 04, 2016","Feb 18, 2016",4.73
816510,WLL,"Mar 11, 2016","Feb 18, 2016",4.73
816568,WLL,"Mar 18, 2016","Feb 18, 2016",4.73
816658,WLL,"Mar 24, 2016","Feb 18, 2016",4.73
816710,WLL,"Apr 01, 2016","Feb 18, 2016",4.73
816754,WLL,"Jun 17, 2016","Feb 18, 2016",4.73
816844,WLL,"Sep 16, 2016","Feb 18, 2016",4.73
816884,WLL,"Jan 20, 2017","Feb 18, 2016",4.73
816960,WLL,"Jan 19, 2018","Feb 18, 2016",4.73
820578,WPX,"Feb 19, 2016","Feb 18, 2016",4.19
820610,WPX,"Mar 18, 2016","Feb 18, 2016",4.19
820630,WPX,"May 20, 2016","Feb 18, 2016",4.19
820656,WPX,"Aug 19, 2016","Feb 18, 2016",4.19
820678,WPX,"Jan 20, 2017","Feb 18, 2016",4.19
820692,WPX,"Jan 19, 2018","Feb 18, 2016",4.19
822368,WTI,"Feb 19, 2016","Feb 18, 2016",1.65
822382,WTI,"Mar 18, 2016","Feb 18, 2016",1.65
822396,WTI,"Apr 15, 2016","Feb 18, 2016",1.65
822410,WTI,"Jul 15, 2016","Feb 18, 2016",1.65
841372,XLRN,"Feb 19, 2016","Feb 18, 2016",26.27
841400,XLRN,"Mar 18, 2016","Feb 18, 2016",26.27
841420,XLRN,"May 20, 2016","Feb 18, 2016",26.27
841448,XLRN,"Aug 19, 2016","Feb 18, 2016",26.27
846416,XON,"Feb 19, 2016","Feb 18, 2016",30.94
846462,XON,"Mar 18, 2016","Feb 18, 2016",30.94
846508,XON,"Apr 15, 2016","Feb 18, 2016",30.94
846566,XON,"Jul 15, 2016","Feb 18, 2016",30.94
846616,XON,"Jan 20, 2017","Feb 18, 2016",30.94
846656,XON,"Jan 19, 2018","Feb 18, 2016",30.94
847982,XPO,"Feb 19, 2016","Feb 18, 2016",26.41
848070,XPO,"Mar 18, 2016","Feb 18, 2016",26.41
848122,XPO,"May 20, 2016","Feb 18, 2016",26.41
848208,XPO,"Aug 19, 2016","Feb 18, 2016",26.41
848274,XPO,"Sep 16, 2016","Feb 18, 2016",26.41
848348,XPO,"Jan 19, 2018","Feb 18, 2016",26.41
862356,ZEN,"Feb 19, 2016","Feb 18, 2016",16.96
862380,ZEN,"Mar 18, 2016","Feb 18, 2016",16.96
862402,ZEN,"Apr 15, 2016","Feb 18, 2016",16.96
862422,ZEN,"Jul 15, 2016","Feb 18, 2016",16.96
863200,ZGNX,"Feb 19, 2016","Feb 18, 2016",10.17
863258,ZGNX,"Mar 18, 2016","Feb 18, 2016",10.17
863292,ZGNX,"Apr 15, 2016","Feb 18, 2016",10.17
863368,ZGNX,"Jul 15, 2016","Feb 18, 2016",10.17
863428,ZGNX,"Jan 20, 2017","Feb 18, 2016",10.17
863802,ZIOP,"Feb 19, 2016","Feb 18, 2016",6.13
863836,ZIOP,"Mar 18, 2016","Feb 18, 2016",6.13
863860,ZIOP,"Apr 15, 2016","Feb 18, 2016",6.13
863918,ZIOP,"Jul 15, 2016","Feb 18, 2016",6.13
863970,ZIOP,"Jan 20, 2017","Feb 18, 2016",6.13
863998,ZIOP,"Jan 19, 2018","Feb 18, 2016",6.13
866132,ZUMZ,"Feb 19, 2016","Feb 18, 2016",20.49
866156,ZUMZ,"Mar 18, 2016","Feb 18, 2016",20.49
866178,ZUMZ,"May 20, 2016","Feb 18, 2016",20.49
866200,ZUMZ,"Aug 19, 2016","Feb 18, 2016",20.49
