,Ticker,Expires,Data_Date
155016,CRZO,"Feb 19, 2016","Feb 18, 2016"
155046,CRZO,"Mar 18, 2016","Feb 18, 2016"
155072,CRZO,"Apr 15, 2016","Feb 18, 2016"
155110,CRZO,"Jul 15, 2016","Feb 18, 2016"
155150,CRZO,"Jan 20, 2017","Feb 18, 2016"
155190,CRZO,"Jan 19, 2018","Feb 18, 2016"
231407,ERI,"Feb 19, 2016","Feb 18, 2016"
231417,ERI,"Mar 18, 2016","Feb 18, 2016"
231423,ERI,"Jun 17, 2016","Feb 18, 2016"
231433,ERI,"Sep 16, 2016","Feb 18, 2016"
366739,INCY,"Feb 19, 2016","Feb 18, 2016"
366815,INCY,"Mar 18, 2016","Feb 18, 2016"
366903,INCY,"Jun 17, 2016","Feb 18, 2016"
366987,INCY,"Sep 16, 2016","Feb 18, 2016"
367045,INCY,"Dec 16, 2016","Feb 18, 2016"
367137,INCY,"Jan 19, 2018","Feb 18, 2016"
376323,IRBT,"Feb 19, 2016","Feb 18, 2016"
376371,IRBT,"Mar 18, 2016","Feb 18, 2016"
376437,IRBT,"Jun 17, 2016","Feb 18, 2016"
376507,IRBT,"Sep 16, 2016","Feb 18, 2016"
376577,IRBT,"Jan 20, 2017","Feb 18, 2016"
477545,MRCY,"Feb 19, 2016","Feb 18, 2016"
477565,MRCY,"Mar 18, 2016","Feb 18, 2016"
477585,MRCY,"Apr 15, 2016","Feb 18, 2016"
477607,MRCY,"Jul 15, 2016","Feb 18, 2016"
780488,VEEV,"Feb 19, 2016","Feb 18, 2016"
780534,VEEV,"Mar 18, 2016","Feb 18, 2016"
780590,VEEV,"Jun 17, 2016","Feb 18, 2016"
780656,VEEV,"Sep 16, 2016","Feb 18, 2016"
780710,VEEV,"Jan 20, 2017","Feb 18, 2016"
